{
  "metrics": {
    "train": {
      "rmse": 893.3511055456045,
      "mae": 146.69057701237728,
      "r2": 0.050026552520276324
    }
  }
}