{
  "metrics": {
    "train": {
      "rmse": 740.1554045096852,
      "mae": 99.48614317086493,
      "r2": 0.3479018960046536
    }
  }
}