{
  "metrics": {
    "train": {
      "rmse": 899.2540367091551,
      "mae": 139.72298374035037,
      "r2": 0.037430934984744146
    }
  }
}